{"accuracy": [0.4545454680919647, 0.5625, 0.4375], "loss": [0.7941415905952454, 0.8503034114837646, 0.7720385789871216], "val_accuracy": [0.4444444477558136, 0.5555555820465088, 0.5555555820465088], "val_loss": [0.8268800377845764, 0.7323651909828186, 0.7431821823120117], "learning_rate": [9.999999747378752e-05, 9.999999747378752e-05, 9.999999747378752e-05]}